8000000,0.12183966,0.1311798,0.0404705199999999,0.08324857,0.1097376,0.12585174,0.1035419,0.0933474000000001,0.1374539,0.10646031,,0.10531314,,0.040973009
9220000,0.05882639,0.0693533,0.1171654,0.0675155900000001,0.07076319,0.09620437,0.05311061,0.0603142,0.07473695,0.06743688,,0.073542688,,9550000
9700000,0.07273983,0.08076507,0.0499606,0.05307172,0.02610557,0.05919861,0.03587162,0.05039285,0.02005882,0.06677058,,0.051493527,,
9870000,0.09025547,0.1522131,0.17084459,0.15431069,0.16192172,0.15301429,0.1524475,0.2056491,0.11473918,0.13007525,,0.148547089,,
8700000,0.11754971,0.10997982,0.1345795,0.1126023,0.07818092,0.12233152,0.09122937,0.1403084,0.09230825,0.10685031,,0.11059201,,
8020000,0.12539704,0.1226058,0.1036203,0.0583349900000001,0.08275937,0.14103153,0.0610363,0.08025529,0.09817938,0.06254245,,0.093576245,,
8770000,0.0861264,0.0835029000000001,0.12426249,0.1006853,0.11874928,0.06121329,0.13122983,0.10659537,0.06587146,0.16724157,,0.104547789,,
8090000,0.11833512,0.13735588,0.07150576,0.18074745,0.1279492,0.1497682,0.13451806,0.10144527,0.09381895,0.1446222,,0.126006609,,
9980000,0.2178535,0.13979323,0.17049051,0.25308424,0.15330816,0.175819,0.2082133,0.10495158,0.13845157,0.05886483,,0.162082992,,
8050000,0.0796615,0.1097055,0.07048885,0.09211312,0.12803736,0.14828103,0.167573,0.13432386,0.19860766,0.1336401,,0.126243198,,
9230000,0.0931637000000001,0.03831524,0.0786099900000001,0.09352392,0.0753812799999999,0.1072612,0.0266532,0.08315011,0.05201522,0.0574175,,0.070549136,,
8960000,0.08080231,0.0730721700000001,0.05033345,0.07450217,0.08745769,0.0886111,0.1422105,0.12518911,0.1529887,0.10939205,,0.098455925,,
8290000,0.100765,0.12447778,0.1114685,0.0806067,0.10364159,0.1608386,0.12637477,0.14174287,0.17528934,0.11428807,,0.123949322,,
8130000,0.09949145,0.10811479,0.0920917600000001,0.089139,0.1211315,0.08317037,0.15476099,0.05471561,0.10378114,0.07090091,,0.097729752,,
8310000,0.07311206,0.0934548,0.15567483,0.15343231,0.05307224,0.0951268,0.13042863,0.105382,0.12526571,0.07365885,,0.105860823,,
8170000,0.0988249500000001,0.12158492,0.1771106,0.1594698,0.1041645,0.08115493,0.08880611,0.0800189599999999,0.0610777,0.15753351,,0.112974598,,
8100000,0.1117785,0.09718153,0.03966679,0.06870922,0.1022696,0.1127337,0.13385383,0.10874973,0.0883141000000001,0.123211,,0.0986468,,
8120000,0.07027399,0.1772278,0.15699046,0.11249714,0.0664197,0.16736442,0.141294,0.12671513,0.09663413,0.1359052,,0.125132197,,
8520000,0.05923669,0.06798408,0.10542224,0.13640008,0.03575453,0.0925443,0.0607429900000001,0.05587238,0.16401469,0.08299307,,0.086096505,,
8370000,0.06569623,0.04888412,0.0877488,0.15730248,0.11337796,0.1026994,0.0915652,0.09387435,0.09060578,0.09603161,,0.094778593,,
8160000,0.14980536,0.12944753,0.1797461,0.10371695,0.1088455,0.11747318,0.11725599,0.12537838,0.0991929000000001,0.1404439,,0.127130579,,
8860000,0.06240608,0.04123347,0.0885845200000001,0.0512734,0.0776512,0.0606845,0.18806956,0.07420955,0.13257756,0.08320934,,0.085989918,,
8200000,0.12056296,0.0786506,0.0985340400000001,0.14438268,0.11730507,0.0670634600000001,0.16817697,0.1291016,0.14088415,0.10724138,,0.117190291,,
8230000,0.145484,0.06121484,0.0991812200000001,0.0962637,0.0850095,0.148516,0.0885325,0.0791035900000001,0.07575295,0.12266346,,0.100172176,,
8260000,0.0979285000000001,0.1437103,0.11843453,0.17881051,0.10830216,0.10994577,0.0953041,0.0928034800000001,0.08624304,0.1381773,,0.116965969,,
8280000,0.0850291,0.04516651,0.08990256,0.10409217,0.12106989,0.0922908,0.06839603,0.09485295,0.14435145,0.11559403,,0.096074549,,
9720000,0.03935322,0.04810253,0.07894262,0.05138856,0.0915264,0.0714302,0.08450153,0.09772427,0.10332529,0.0508806,,0.071717522,,
8840000,0.12541197,0.09354241,0.1303533,0.13791127,0.108611,0.0666536,0.06411055,0.08704538,0.04616382,0.09995995,,0.095976325,,
8240000,0.12059022,0.1249556,0.10559058,0.15557064,0.14117176,0.13985998,0.0814676,0.1058509,0.1014893,0.13296049,,0.120950707,,
9000000,0.10081379,0.04205515,0.05700559,0.1098834,0.13357831,0.06972533,0.0632495,0.0978993000000001,0.0673007,0.1366622,,0.087817327,,
9540000,0.09688892,0.0624836300000001,0.05140954,0.06001959,0.0437371,0.02321006,0.0529741,0.03773037,0.05745597,0.06164365,,0.054755293,,
8380000,0.1127994,0.09866958,0.0484929199999999,0.1457376,0.18028322,0.14798037,0.09221108,0.13052532,0.12338491,0.09879147,,0.117887587,,
9320000,0.0795125299999999,0.10994289,0.06493128,0.02485418,0.03735746,0.00696684999999999,0.03479473,0.0232292,0.0780434099999999,0.0743066300000001,,0.053393916,,
8300000,0.0632476900000001,0.12528161,0.10461705,0.1079293,0.09371824,0.10661417,0.10737727,0.1131891,0.0592565,0.14550055,,0.102673148,,
8620000,0.07992243,0.1158309,0.13125421,0.07847371,0.11997886,0.07497203,0.051428,0.12518658,0.08475602,0.04563536,,0.09074381,,
9420000,0.0534432,0.06091861,0.0748134,0.0789762000000001,0.0470835,0.12406461,0.05363997,0.1287696,0.0512953,0.03863044,,0.071163483,,
8320000,0.10125265,0.11667385,0.12612268,0.0813274000000001,0.1381202,0.11403395,0.1418642,0.0866737,0.20504482,0.0652056,,0.117631905,,
8330000,0.1117549,0.12334159,0.0907811200000001,0.1163406,0.10568713,0.10314806,0.1008016,0.1424099,0.07898341,0.12119698,,0.109444529,,
8350000,0.07318888,0.15802558,0.0892769400000001,0.14398805,0.14173761,0.0552829,0.09583153,0.10281281,0.10405185,0.07399127,,0.103818742,,
9610000,0.08597228,0.07275967,0.0639140000000001,0.02342458,0.11702317,0.02489255,0.03479584,0.05350303,0.06530353,0.05559658,,0.059718523,,
9180000,0.08381746,0.12093875,0.06371895,0.1410576,0.1123722,0.1299642,0.07722063,0.0713308,0.0989843200000001,0.1198188,,0.101922371,,
9830000,0.1224999,0.1558051,0.12021439,0.1441278,0.10211359,0.12998455,0.14258843,0.14463937,0.082801,0.11996046,,0.126473459,,
8410000,0.12328536,0.13980383,0.12377798,0.0785728299999999,0.178047,0.1547419,0.06771011,0.15007424,0.0966736,0.1373013,,0.124998815,,
9160000,0.05074355,0.08784887,0.11139331,0.0904700000000001,0.08138899,0.0646002,0.10547739,0.10528514,0.12134671,0.0926448,,0.091119896,,
8430000,0.11192091,0.10494363,0.10409209,0.10402514,0.11579483,0.14279679,0.0715077500000001,0.12072684,0.14053263,0.16553509,,0.11818757,,
8440000,0.12751881,0.1046912,0.10878559,0.0852659500000001,0.10608295,0.1106264,0.10149625,0.13753665,0.13723842,0.05538089,,0.107462311,,
8190000,0.13104346,0.11148435,0.06761262,0.0856515,0.13089491,0.13205545,0.09039074,0.07137027,0.0977446,0.08902165,,0.100726955,,
8490000,0.07258392,0.1185959,0.10342607,0.09293461,0.0893548,0.04569446,0.16581295,0.0974767000000001,0.06336636,0.0951126300000001,,0.09443584,,
8500000,0.1092795,0.06542005,0.0608025,0.0854989,0.13416416,0.0903734000000001,0.0913245200000001,0.1093729,0.12187848,0.14189553,,0.101000994,,
9920000,0.09218654,0.2086143,0.1404952,0.20580075,0.15737,0.12271843,0.0944241200000001,0.14072929,0.2420806,0.13260522,,0.153702445,,
8510000,0.08753248,0.1021915,0.1009192,0.0856553,0.0973564600000001,0.0939139700000001,0.13692901,0.0804114800000001,0.1527612,0.0942476400000001,,0.103191824,,
8530000,0.07180053,0.0910597600000001,0.0686114,0.11886625,0.1031526,0.0869861,0.10477,0.0942857,0.0738406000000001,0.0782395999999999,,0.089161254,,
9850000,0.1690479,0.1162813,0.18696656,0.18137125,0.13312977,0.14037087,0.1222706,0.198953,0.08876795,0.1341698,,0.1471329,,
8760000,0.11807918,0.1123865,0.0755762200000001,0.0810605600000001,0.1168301,0.0933418000000001,0.0827019,0.08991716,0.06254449,0.1250232,,0.095746111,,
8590000,0.03178158,0.10384657,0.07810218,0.1442421,0.0849126999999999,0.1637055,0.09154604,0.06819834,0.0945018400000001,0.09111575,,0.09519526,,
8630000,0.1020734,0.0917381,0.06483475,0.11569834,0.0606071,0.0954795600000001,0.08868909,0.16622388,0.14511086,0.12586979,,0.105632487,,
8610000,0.14041399,0.10994266,0.06851191,0.16664098,0.07996198,0.0806486000000001,0.12919703,0.09866961,0.11189857,0.09852498,,0.108441031,,
8670000,0.11603044,0.0989431,0.06907984,0.0949449800000001,0.1935609,0.14777398,0.12541858,0.131902,0.0985714500000001,0.0969651200000001,,0.117319039,,
9070000,0.06831682,0.0596297,0.0918367000000001,0.08587176,0.05594936,0.0911941800000001,0.07561652,0.1049479,0.06849345,0.1386489,,0.084050529,,
8080000,0.06291566,0.13083725,0.12387411,0.1303138,0.0935835500000001,0.10843634,0.0537756000000001,0.13060493,0.10874604,0.0825835,,0.102567078,,
8730000,0.0902752,0.0570441500000001,0.0997456,0.1049529,0.08838578,0.0895507200000001,0.11798562,0.10565579,0.13454555,0.1446369,,0.103277821,,
8580000,0.06647753,0.13055029,0.09009789,0.13469476,0.17121748,0.11485504,0.12518401,0.09168232,0.11200621,0.11012244,,0.114688797,,
8680000,0.09966401,0.0700599,0.09988329,0.12908274,0.02573307,0.0840138700000001,0.10438029,0.109649,0.1108807,0.09553881,,0.092888568,,
8390000,0.12822094,0.11399727,0.05769152,0.17556242,0.0643647,0.1140276,0.12420756,0.11551965,0.11996379,0.09348365,,0.11070391,,
8710000,0.06530345,0.05330585,0.15497365,0.0863805,0.13436044,0.09129313,0.09870818,0.06724057,0.14862661,0.1081418,,0.100833418,,
8720000,0.12209762,0.08786361,0.1209223,0.08608977,0.1013676,0.08604719,0.09623816,0.0924659400000001,0.11832916,0.11966281,,0.103108416,,
9110000,0.0864763000000001,0.0618984,0.0951480000000001,0.10332761,0.12757361,0.08119313,0.07608564,0.04943341,0.07784725,0.1001749,,0.085915825,,
9330000,0.0538346,0.0626432,0.08487646,0.0967324,0.0454596,0.05105661,0.05596849,0.10316739,0.06107735,0.0584726,,0.06732887,,
9710000,0.07187882,0.03497233,0.05387466,0.11189819,0.03540166,0.08555937,0.0629368,0.0216437,0.0580232,0.0595491400000001,,0.059573787,,
8150000,0.17212987,0.11683149,0.14181751,0.17030423,0.17630301,0.1351435,0.06238828,0.13205387,0.10886594,0.05820051,,0.127403821,,
9520000,0.07732082,0.04649753,0.06874742,0.0704488800000001,0.03831805,0.06021544,0.01215282,0.04185846,0.05896339,0.03680958,,0.051133239,,
8750000,0.1108812,0.16836117,0.13910064,0.10274095,0.10884467,0.10327232,0.10107483,0.03919805,0.06408992,0.1105478,,0.104811155,,
8820000,0.11360245,0.06882594,0.0704309099999999,0.14651443,0.09466021,0.07366051,0.1292796,0.06371893,0.17117549,0.10095892,,0.103282739,,
8980000,0.04823866,0.12390634,0.0828781100000001,0.1025449,0.0682210000000001,0.07002024,0.0416434,0.07945281,0.06626174,0.06209519,,0.074526239,,
9900000,0.1848019,0.17933273,0.1645442,0.1421719,0.14773325,0.21051362,0.0888871500000001,0.09614549,0.20924638,0.16301634,,0.158639296,,
8830000,0.12475299,0.0773979,0.139337,0.09957383,0.08931505,0.1297503,0.1429758,0.1634662,0.0953223,0.0650099199999999,,0.112690129,,
9310000,0.0603710999999999,0.02295513,0.0148538,0.0636206299999999,0.05598725,0.05673283,0.01669331,0.09957053,0.06530266,0.05438352,,0.051047076,,
9990000,0.12088763,0.2794325,0.16858623,0.1278254,0.1060682,0.0913498,0.1682995,0.16152857,0.1264794,0.1448194,,0.149527663,,
8570000,0.11127666,0.09463825,0.109196,0.2006733,0.0880391,0.1206864,0.15886675,0.11352436,0.0834057700000001,0.0977499,,0.117805649,,
9490000,0.05553764,0.04166365,0.0720939,0.08268106,0.085676,0.02790577,0.0828780000000001,0.04369939,0.0663995,0.0739742000000001,,0.063250911,,
8110000,0.08544,0.106828,0.0981409000000001,0.1090035,0.15561535,0.1659705,0.12899831,0.1763639,0.0945007999999999,0.1202949,,0.124115616,,
8400000,0.0982403400000001,0.13841068,0.07162488,0.06704514,0.09146987,0.15172271,0.07328816,0.07866934,0.0699864000000001,0.0849914,,0.092544892,,
9080000,0.0925244000000001,0.0779458499999999,0.07117391,0.07397327,0.0380223000000001,0.0994324,0.0989816000000001,0.1089618,0.0801778,0.10679106,,0.084798439,,
9270000,0.10533839,0.11170419,0.06158497,0.0696472,0.0735772000000001,0.06342447,0.0724081500000001,0.12985949,0.0845774600000001,0.0850103,,0.085713182,,
8900000,0.14478967,0.0765164000000001,0.094462,0.0599226,0.04638028,0.09714173,0.0716996000000001,0.0726611,0.13176202,0.08168211,,0.087701751,,
8030000,0.11268006,0.21601698,0.16638799,0.07195657,0.1521465,0.10884453,0.1002545,0.1298095,0.11305547,0.18935853,,0.136051063,,
9740000,0.0513891,0.09270038,0.0826985000000001,0.04663471,0.13748009,0.0445207,0.0700209,0.05794633,0.1133854,0.09978434,,0.079656045,,
8940000,0.10698493,0.14412597,0.13166605,0.07406955,0.04686864,0.13504088,0.04845411,0.05988274,0.1178462,0.07391488,,0.093885395,,
8450000,0.1174991,0.08694735,0.10935404,0.1133469,0.11184123,0.03547952,0.14109797,0.08332776,0.0903134,0.11643841,,0.100564568,,
9430000,0.04753398,0.0389631,0.07021448,0.0264189,0.02953122,0.02788655,0.07414841,0.07814015,0.0562615800000001,0.05113501,,0.050023338,,
8970000,0.11315201,0.0765174000000001,0.0923095,0.0932273500000001,0.11757117,0.1278871,0.15462199,0.10302922,0.103326,0.1153805,,0.109702224,,
8920000,0.1074327,0.08776837,0.10628474,0.0899811,0.1201737,0.0931504100000001,0.12536195,0.1217234,0.03401133,0.0847361999999999,,0.09706239,,
8650000,0.06465736,0.14362465,0.0799227,0.07853302,0.05592835,0.1062591,0.12508622,0.12406667,0.1293765,,,0.100828285555556,,
8870000,0.1293765,0.05894486,0.06741699,0.0936789,0.07461756,0.0936394500000001,0.0789216,0.09320955,0.1527414,0.1006461,,0.094319291,,
9010000,0.05125167,0.05387465,0.13542238,0.08681073,0.06534345,0.11334842,0.06978439,0.05671197,0.05403171,0.07559838,,0.076217775,,
9020000,0.1043053,0.0734303,0.06782813,0.12876424,0.05512915,0.09614888,0.0952449,0.0786113200000001,0.0675743500000001,0.03222985,,0.079926642,,
9030000,0.02526444,0.05902159,0.07649715,0.06773009,0.11861148,0.08818016,0.10019868,0.11013857,0.09857272,0.06418825,,0.080840313,,
9040000,0.12158712,0.12315222,0.11958919,0.1014688,0.1260284,0.05780932,0.1448736,0.09530269,0.09154646,0.10136953,,0.108272733,,
8420000,0.14311086,0.09241288,0.08958915,0.09957711,0.06990165,0.09056793,0.14771016,0.13481157,0.0925203900000001,0.1063808,,0.10665825,,
9060000,0.0740718,0.0616838,0.0847744500000001,0.055146,0.11030737,0.0944626,0.1004693,0.0782194,0.10420732,0.07972665,,0.084306869,,
8600000,0.06409039,0.1558736,0.1055189,0.11744128,0.0666763,0.11471871,0.13000075,0.10561891,0.1982369,0.1221344,,0.118031014,,
8060000,0.16256962,0.12471343,0.14487847,0.12156301,0.06702577,0.10592768,0.12334379,0.1378082,0.11066433,0.18805128,,0.128654558,,
8140000,0.13996288,0.1728438,0.11474645,0.1673172,0.08041677,0.07082274,0.11348387,0.13330215,0.0875139500000001,0.02870812,,0.110911793,,
8480000,0.06399112,0.09688892,0.10432552,0.0969320300000001,0.10747175,0.04923657,0.07281912,0.09365922,0.06070421,0.06166361,,0.080769207,,
9090000,0.07645849,0.13792964,0.14097594,0.05240727,0.12766952,0.1832745,0.06260329,0.0731503,0.13062125,0.07170347,,0.105679367,,
9910000,0.11743546,0.14955225,0.18199565,0.10804564,0.12290222,0.18012071,0.1215681,0.20476806,0.17628416,0.14403327,,0.150670552,,
9690000,0.07551824,0.05769154,0.05902031,0.08524418,0.09628216,0.04070566,0.07632092,0.04755335,0.04180076,0.06097865,,0.064111577,,
8690000,0.1097129,0.0896047100000001,0.0947748500000001,0.0937906,0.04996244,0.11177623,0.12931465,0.0769663300000001,0.09506904,0.0994739900000001,,0.095044574,,
8930000,0.0798765,0.07411048,0.16863376,0.11512363,0.16354474,0.10708752,0.09524479,0.0758338000000001,0.0984142,0.10831909,,0.108618851,,
9130000,0.09915865,0.10173739,0.08561697,0.0723497,0.03902187,0.09252407,0.1492567,0.0795887,0.0735042000000001,0.0849515,,0.087770975,,
8950000,0.0371431,0.0733072,0.1031924,0.08841427,0.0768468,0.08293523,0.06820013,0.08530309,0.11997907,0.10172533,,0.083704662,,
9140000,0.06172209,0.15800236,0.08933545,0.10771209,0.12005139,0.07264095,0.07974851,0.0947975000000001,0.0573578,0.06048892,,0.090185706,,
9170000,0.08011705,0.0609391,0.10909881,0.08375707,0.03857145,0.11976138,0.104853,0.04745592,0.0565559,0.0893777900000001,,0.079048747,,
9190000,0.03487311,0.06375581,0.0916836,0.1167394,0.04643998,0.01477635,0.1125275,0.0672437,0.068865,0.0849921000000001,,0.070189655,,
8640000,0.10774503,0.0534370000000001,0.1020923,0.13461535,0.03806313,0.04919811,0.08356256,0.1137554,0.0753027,0.0458114,,0.080358298,,
9200000,0.11078468,0.06569416,0.1015678,0.1093882,0.05029347,0.03683021,0.1583416,0.0575331,0.0934239,0.0734082,,0.085726532,,
9460000,0.01442272,0.06203535,0.03579195,0.05606482,0.0936549000000001,0.02941331,0.09115368,0.0553418199999999,0.09195842,0.05015776,,0.057999473,,
9050000,0.13626145,0.13450078,0.15820326,0.0426228,0.1168836,0.0647385000000001,0.0831866,0.06643889,0.0808192000000001,0.07019626,,0.095385134,,
9240000,0.08381634,0.0910921000000001,0.08968742,0.0477493,0.08966835,0.0642662,0.0848096,0.06213298,0.0573789,0.0381808,,0.070878199,,
9250000,0.06686968,0.05113445,0.0340903999999999,0.07669392,0.0874366,0.06497024,0.06998068,0.0567882000000001,0.1001766,0.08721557,,0.069535634,,
9550000,0.0346777,0.06978488,0.01741757,0.00767167,0.05941184,0.0444427,0.03604697,0.06129275,0.0669289,0.01205511,,0.040973009,,
9260000,0.12555889,0.0500784,0.08579488,0.05839604,0.11907956,0.06228989,0.06309245,0.02279837,0.0490993,0.05616545,,0.069235323,,
9280000,0.01827833,0.0719236000000001,0.04547961,0.07348379,0.0878091,0.07072329,0.03755451,0.11659175,0.0705093799999999,0.07417216,,0.066652552,,
9290000,0.08288133,0.0884342,0.11001945,0.11706386,0.0634652,0.0929941,0.06589035,0.03007953,0.0983148600000001,0.08293541,,0.083207829,,
8470000,0.12207098,0.12623786,0.0968103000000001,0.096165,0.06606652,0.11460359,0.08823537,0.07853385,0.0884146000000001,0.063132,,0.094027007,,
9300000,0.04412953,0.07450126,0.07356143,0.04567578,0.06995995,0.07326833,0.09718396,0.0924272999999999,0.05070354,0.04150748,,0.066291856,,
8210000,0.0829346300000001,0.0707877,0.1645426,0.1550561,0.09133053,0.08156688,0.12867304,0.10357627,0.0861671300000001,0.13655623,,0.110119111,,
8070000,0.0752691,0.12549661,0.164972,0.0679854,0.0500624,0.0941287,0.1171225,0.0955004,0.13105876,0.1125442,,0.103414007,,
9510000,0.060784,0.04448233,0.03383499,0.06062622,0.02262323,0.0440899,0.0421721,0.12887379,0.01583213,0.06630144,,0.051962013,,
8540000,0.0606087,0.1599459,0.0753809,0.0673211000000001,0.077182,0.11653911,0.03790664,0.0962036600000001,0.0634845,0.0810405600000001,,0.083561307,,
9370000,0.0818619,0.054835,0.02999945,0.04156648,0.08190047,0.05187921,0.0676129499999999,0.06025553,0.05095948,0.0756756899999999,,0.059654616,,
9390000,0.04812189,0.06567538,0.0576128,0.04551927,0.05438389,0.04911963,0.01555757,0.02011782,0.05684922,0.0865563,,0.049951377,,
9560000,0.03397336,0.01508869,0.05078312,0.07471595,0.018454,0.07728093,0.04136898,0.06851351,0.05045072,0.05604809,,0.048667735,,
9660000,0.0392762,0.0533460499999999,0.0596297000000001,0.07696711,0.04675072,0.01776917,0.03377771,0.03246564,0.03581235,0.0665757,,0.046237035,,
8460000,0.17025129,0.13581238,0.10955,0.10287158,0.0571039,0.0993756000000001,0.0299225,0.0748892000000001,0.11068774,0.074916,,0.0965380190000001,,
8250000,0.12541661,0.1611923,0.0984135800000001,0.07272084,0.0964513000000001,0.0952242,0.0897035,0.097534,0.1121994,0.0937191,,0.104257483,,
8040000,0.1441739,0.1364125,0.10613781,0.0853241,0.101262,0.1092959,0.0971965700000001,0.05851354,0.14366345,0.12565621,,0.110763598,,
8810000,0.08624466,0.0928574,0.11252182,0.0584366,0.0463392,0.0712721,0.1367127,0.0732871,0.11406624,0.09273982,,0.088447764,,
9400000,0.05702489,0.05606605,0.0367714,0.0630529,0.01622331,0.0544428,0.0727981,0.05293491,0.04426652,0.02460002,,0.04781809,,
8220000,0.06890359,0.14293363,0.12342157,0.08788658,0.0929746000000001,0.0979253500000001,0.13219287,0.13070191,0.10871297,0.10766575,,0.109331882,,
9410000,0.06191665,0.04033233,0.04225097,0.03324775,0.09201972,0.05882761,0.09168407,0.0463802,0.04152565,0.03575406,,0.054393901,,
9340000,0.04234916,0.05232834,0.02377659,0.08354394,0.08814049,0.04131129,0.05771142,0.0964405300000001,0.05692831,0.06125237,,0.060378244,,
8660000,0.07458013,0.14718212,0.12099467,0.1255572,0.13230708,0.09821963,0.18957147,0.10340698,0.0891388500000001,0.1075152,,0.118847333,,
9440000,0.0645014000000001,0.00902129999999999,0.0636988000000001,0.03643822,0.0845985000000001,0.05943382,0.08012034,0.08391399,0.05878631,0.02635995,,0.056687263,,
9590000,0.08761213,0.03831706,0.04565645,0.04465839,0.06747615,0.0423291999999999,0.03420787,0.05424633,0.017789,0.07702536,,0.050931794,,
9940000,0.12428415,0.15315429,0.1499399,0.15530377,0.12170418,0.10084132,0.0948893700000001,0.0902936,0.1935573,0.213056,,0.139702388,,
9450000,0.05136994,0.06649763,0.04720148,0.07002039,0.05078309,0.08857202,0.04391403,0.0349123,0.06119402,0.00277787999999998,,0.051724278,,
9680000,0.02724112,0.05542095,0.0381022,0.0534256,0.0600405,0.05530416,0.0801557800000001,0.0667527,0.0789041,0.03062628,,0.054597339,,
8850000,0.0979836,0.0906602000000001,0.0770644,0.05107817,0.1010758,0.11518268,0.12667384,0.12481366,0.05184014,0.1084358,,0.094480829,,
9470000,0.03964872,0.04162447,0.0635432000000001,0.11228744,0.0716366,0.02510772,0.03669341,0.03567549,0.01465815,0.03984423,,0.048071943,,
9210000,0.0805612,0.08512729,0.0345403,0.0668296,0.03726089,0.0780819000000001,0.0438756,0.0917433500000001,0.06863015,0.05886491,,0.064551519,,
9620000,0.07162534,0.03641971,0.04671301,0.0436986499999999,0.06127243,0.01003816,0.09138978,0.08459879,0.03600847,0.07070482,,0.055246916,,
9480000,0.08536257,0.03183999,0.049726,0.07389459,0.05498975,0.09509115,0.0291786,0.05990216,0.05135028,0.10444396,,0.063577905,,
9500000,0.086654,0.0451260000000001,0.04338573,0.05579209,0.03025488,0.04013722,0.06716291,0.05097811,0.04978636,0.0634243400000001,,0.053270164,,
9760000,0.0823899000000001,0.03436465,0.08277784,0.1170643,0.06224977,0.0977287000000001,0.0990567600000001,0.10489084,0.0955335000000001,0.08244815,,0.085850441,,
8890000,0.12071919,0.12344847,0.13375299,0.08224974,0.10387214,0.06001966,0.0914868100000001,0.10021516,0.0699024899999999,0.1092977,,0.099496435,,
9530000,0.0270641,0.07082283,0.0645217000000001,0.05082332,0.09078284,0.033092,0.06346324,0.04479493,0.0291392600000001,0.04180146,,0.051630568,,
9580000,0.06865005,0.04279772,0.05436528,0.0344214,0.04477602,0.0608019000000001,0.06131114,0.02039171,0.02213387,0.0347168,,0.044436589,,
8740000,0.0936564600000001,0.10027417,0.09131057,0.05906078,0.0948089,0.06602755,0.0990421,0.08530405,0.10254276,0.0773772,,0.086940454,,
9120000,0.0790980000000001,0.10301407,0.0822312,0.02080217,0.14428817,0.0959491400000001,0.06913866,0.07338488,0.10191568,0.09769225,,0.086751422,,
8560000,0.0967295800000001,0.1137369,0.12357965,0.0969477300000001,0.12495092,0.1210619,0.06954942,0.07489341,0.14855572,0.09614479,,0.106615002,,
8880000,0.10415064,0.14256501,0.06884598,0.07839711,0.0903325200000001,0.11025446,0.19070465,0.16540327,0.11600706,0.11226453,,0.117892523,,
9970000,0.21747179,0.1337608,0.10387514,0.12678926,0.1533921,0.1753405,0.1827682,0.12417235,0.27365838,0.11851002,,0.160973854,,
9640000,0.03467677,0.1011173,0.05526478,0.03230842,0.03011871,0.0357337099999999,0.0738163,0.0536583,0.06643817,0.0748326300000001,,0.055796509,,
9650000,0.04522546,0.08972601,0.0835043,0.03041176,0.08613943,0.10685013,0.02559655,0.04099753,0.03855077,0.02688935,,0.057389129,,
8790000,0.06336568,0.10868968,0.07281783,0.05630108,0.10035289,0.08054826,0.14318666,0.1296487,0.16252285,0.1133434,,0.103077703,,
8780000,0.11843497,0.10752923,0.0733649200000001,0.07408879,0.0983688200000001,0.0872797,0.09102026,0.11086434,0.107657,0.0956169,,0.0964224930000001,,
9100000,0.06195589,0.04581316,0.0900552200000001,0.0363595,0.08961675,0.04195714,0.09251114,0.08176201,0.0628580000000001,0.1247355,,0.072762431,,
9350000,0.04524545,0.0343053999999999,0.04301472,0.0428769,0.11088225,0.01949121,0.05105805,0.02645881,0.08252672,0.00769092,,0.046355043,,
9750000,0.02587147,0.0678872,0.02657507,0.0854619200000001,0.0985932100000001,0.1312477,0.0877683,0.15090859,0.1300437,0.05696572,,0.086132288,,
9360000,0.07428729,0.03865082,0.07009783,0.04536258,0.04387514,0.06497112,0.03847308,0.06142899,0.0606837400000001,0.07225044,,0.057008103,,
9770000,0.09309606,0.1564423,0.07952983,0.117943,0.10957231,0.11986315,0.08281867,0.10942932,0.04168313,0.08431965,,0.099469742,,
9880000,0.2058158,0.0889793,0.13731953,0.19493729,0.09397364,0.14346335,0.14445852,0.14958681,0.16866994,0.1593307,,0.148653488,,
9780000,0.11378983,0.0519761,0.08176415,0.1336715,0.07369811,0.11827591,0.0941700200000001,0.05082126,0.05733859,0.0991379000000001,,0.087464337,,
9790000,0.1350482,0.13949335,0.1605412,0.08890505,0.10630378,0.10608705,0.07700617,0.10467792,0.13062952,0.1014672,,0.115015944,,
8550000,0.1088974,0.10953236,0.08532259,0.0589236,0.04735876,0.09411139,0.06305344,0.16240958,0.0676307600000001,0.11803871,,0.091527859,,
9840000,0.1501876,0.1130722,0.15401445,0.1161047,0.1647014,0.1395886,0.15931991,0.15514663,0.12406787,0.10249566,,0.137869902,,
9800000,0.0864571500000001,0.07266142,0.10182008,0.17740305,0.18963274,0.17844016,0.14723876,0.16912312,0.06451948,0.1459884,,0.133328436,,
9600000,0.04185955,0.06050975,0.01315053,0.0189442,0.0433471,0.04982409,0.04508975,0.0689618700000001,0.0680821,0.04342501,,0.045319395,,
9810000,0.12086152,0.10270134,0.13861405,0.121278,0.15408969,0.13281526,0.1365626,0.0969462,0.14387287,0.0884738,,0.123621533,,
9380000,0.08392815,0.03305276,0.08456026,0.05371963,0.04170374,0.04154633,0.01191715,0.03283776,0.04502949,0.03324795,,0.046154322,,
8910000,0.1328435,0.07921784,0.08541624,0.0970847,0.0852444,0.09452033,0.084403,0.1189758,0.10535511,0.0961065000000001,,0.097916742,,
9570000,0.08080237,0.04068572,0.02702642,0.0727991,0.01182,0.05281903,0.03886356,0.04205327,0.02344421,0.05131171,,0.044162539,,
9820000,0.1619606,0.15592961,0.10916185,0.13370637,0.1480238,0.0943999,0.1485328,0.1061439,0.1269881,0.1546424,,0.133948933,,
8340000,0.12665259,0.1087283,0.10408999,0.0631323,0.06189832,0.1424252,0.1183931,0.0980449,0.09532027,0.13150801,,0.105019298,,
9860000,0.13542175,0.16067217,0.1204113,0.12510831,0.14188468,0.15698151,0.11733835,0.1158718,0.2521122,0.12232918,,0.144813125,,
8800000,0.0754209,0.0871458000000001,0.0902357,0.07403168,0.11204732,0.04307177,0.06179997,0.10877176,0.0842055,0.1023669,,0.08390973,,
9960000,0.17029849,0.2109505,0.15338641,0.15945561,0.12788161,0.1892357,0.09471621,0.1025814,0.1377643,0.10201397,,0.14482842,,
8180000,0.12515135,0.07657528,0.08573417,0.0966905400000001,0.13482823,0.14757749,0.07655682,0.0900043700000001,0.10542379,0.0628365500000001,,0.100137859,,
9630000,0.01636012,0.0616644,0.03430613,0.05156572,0.09119445,0.06379511,0.05465744,0.03528445,0.0762029,0.0706649,,0.055569562,,
9670000,0.04072512,0.04003936,0.0195505,0.05906066,0.06270023,0.06724033,0.09232924,0.03933405,0.095871,0.0724915,,0.058934199,,
8990000,0.06276015,0.1504361,0.1214697,0.0529541,0.12342029,0.09786486,0.0552461,0.1040223,0.06970723,0.10869,,0.094657083,,
8010000,0.07305185,0.16143872,0.10479595,0.12656072,0.1011149,0.1273839,0.11949418,0.14203832,0.1376521,0.10810959,,0.120164023,,
9890000,0.1253422,0.17612,0.15023975,0.19544504,0.16243209,0.15539824,0.1150117,0.11386063,0.15612805,0.14070558,,0.149068328,,
8270000,0.1695333,0.1636039,0.12528017,0.06097931,0.1341244,0.1578039,0.1139121,0.0857537,0.10009956,0.13512375,,0.124621409,,
8360000,0.0856953399999999,0.13500837,0.05780793,0.11186449,0.0980276200000001,0.11747433,0.13080155,0.12025324,0.12643628,0.11880233,,0.110217148,,
9150000,0.1260336,0.06622387,0.0936003700000001,0.05289761,0.07001993,0.1073602,0.0290998,0.02637964,0.0810411500000001,0.07661543,,0.07292716,,
9930000,0.16573735,0.05845366,0.1297493,0.16448446,0.1053999,0.17039528,0.1833835,0.11849085,0.14630225,0.1121073,,0.135450385,,
9950000,0.16673035,0.20638156,0.11953209,0.15753649,0.14643989,0.1867319,0.1555437,0.1706092,0.14413272,0.13647724,,0.159011514,,
9730000,0.06140862,0.070843,0.0795893,0.0543051,0.11526167,0.06968758,0.07264,0.0614685,0.0650478,0.03829642,,0.068854799,,
10000000,0.20998574,0.18652262,0.1335029,0.12557645,0.1606877,0.13849595,0.19957675,0.1547909,0.14588823,0.24413996,,0.16991672,,
